,author,comment_count,language,received_for_free,recommendationid,review,steam_purchase,timestamp_created,timestamp_updated,voted_up,votes_funny,votes_up,weighted_vote_score,written_during_early_access
0,"{'steamid': '76561198256222054', 'num_games_owned': 1, 'num_reviews': 1, 'playtime_forever': 79507, 'playtime_last_two_weeks': 0, 'last_played': 1551446801}",0,english,True,50057143,Lock region china,True,1554869068,1554869068,True,0,0,0,False
1,"{'steamid': '76561197987630480', 'num_games_owned': 173, 'num_reviews': 6, 'playtime_forever': 1665, 'playtime_last_two_weeks': 1593, 'last_played': 1554870754}",0,english,False,50057040,"This is a full-fps, I had my doubts about this game in the beginning. But now that I have 80+ hours under my belt this game is really addictive. If you get this game, have knowledge of working with yourself, by yourself, you can have friends but when it gets down to the last person, well,,,*** happens. The material is well done, woods, towns, cars/suv/boats,water, are very well done. There are a few things that can be made better..such, as post to the front screen that your servers are to busy or you are down for whatever the reason. This is a very hard game,but it is very good.......",True,1554868410,1554868410,True,0,0,0,False
2,"{'steamid': '76561197993733731', 'num_games_owned': 50, 'num_reviews': 1, 'playtime_forever': 127, 'playtime_last_two_weeks': 127, 'last_played': 1554865034}",0,english,False,50056557,Occasionally fun but still unfinished.,True,1554865063,1554865063,False,0,0,0,False
3,"{'steamid': '76561198012715980', 'num_games_owned': 32, 'num_reviews': 1, 'playtime_forever': 60, 'playtime_last_two_weeks': 60, 'last_played': 1554863763}",0,english,False,50056371,"Great game that offers hardcore military battle royale experience that no other games can.
Core gameplay is solid, with realistic bullet dynamics, interesting looting system, intense firefights, and strategic positioning to keep yourself alive. Will you take the risk of exposing your position to shoot now for more loots and one less competitor? Or sneak past to stay safe, conserve ammo and take better position for the next fights to come? You constantly face decisions and fast paced combat.

..... that being said I CANNOT BELIEVE how unpolished this game is. Is this really the state of a finished product that costs 30$ just for the multiplayer? I constantly face random freezes at the loading screen and server connection issues. This game has been out for 2 years. Two years! And yet the software and the server are so unstable

What's funnier is, that this game is consistently ranked within top 5 most played games among the steam platform, despite generally mixed reviews. I think the numbers speak for themselves. This game has some major issues but still damn good that people just suck it up and play.",True,1554863611,1554863611,False,0,2,0.511765539646148682,False
4,"{'steamid': '76561198825614992', 'num_games_owned': 3, 'num_reviews': 1, 'playtime_forever': 2066, 'playtime_last_two_weeks': 0, 'last_played': 1552289262}",0,english,True,50056146,.,True,1554862168,1554862168,True,0,0,0,False
5,"{'steamid': '76561197975013939', 'num_games_owned': 16, 'num_reviews': 2, 'playtime_forever': 1418, 'playtime_last_two_weeks': 89, 'last_played': 1554860718}",0,english,False,50055944,"Bought it for the hype, and because I hadn't played a survival game. It turned out to be one of the worst games I have played. The game engine doesn't feel smooth at all, unlike other shooter games I have played (i.e., I feel like I am running/aiming under water is the best way I can explain the feeling). The servers get put on maintenance for hours and you can't even play the game during that time, oh and btw, they do this maintenance at ~9pm (in Canada) when people would be most willing to play.",True,1554860853,1554860853,False,0,2,0.502942502498626709,False
6,"{'steamid': '76561198839039135', 'num_games_owned': 29, 'num_reviews': 2, 'playtime_forever': 1563, 'playtime_last_two_weeks': 663, 'last_played': 1554860485}",0,english,False,50055745,"whenever i try to play ""our servers are too busy try again later""

I doubt that your servers are ""too busy"" on this half ass game.",True,1554859431,1554859431,False,0,1,0.523809552192687988,False
7,"{'steamid': '76561198840782632', 'num_games_owned': 9, 'num_reviews': 1, 'playtime_forever': 6873, 'playtime_last_two_weeks': 468, 'last_played': 1554857290}",0,english,False,50055482,this game is so bad. wanna play?? too bad update it first. done? that sucks every time there is a update the game is unplayable the entire day. fun game but the way its being managed makes it absolute dog shit.,True,1554857548,1554857548,False,0,2,0.508928596973419189,False
8,"{'steamid': '76561198074989369', 'num_games_owned': 289, 'num_reviews': 5, 'playtime_forever': 4019, 'playtime_last_two_weeks': 0, 'last_played': 1529525401}",0,english,False,50055110,"Battle Royales are just glorified walking simulators.
BR esports is a joke, even though there is definitely a level of skill involved in BRs, it is too reliant on luck for me to take it seriously.",True,1554854909,1554855048,False,0,0,0.433070838451385498,False
9,"{'steamid': '76561198074849637', 'num_games_owned': 35, 'num_reviews': 3, 'playtime_forever': 102, 'playtime_last_two_weeks': 102, 'last_played': 1554838996}",0,english,False,50054236,shite,True,1554849064,1554849064,False,0,0,0.476190477609634399,False
10,"{'steamid': '76561198095335721', 'num_games_owned': 49, 'num_reviews': 1, 'playtime_forever': 19237, 'playtime_last_two_weeks': 0, 'last_played': 1534555374}",0,english,False,50054047,great game,True,1554848043,1554848043,True,0,0,0,False
11,"{'steamid': '76561198335536590', 'num_games_owned': 45, 'num_reviews': 27, 'playtime_forever': 3275, 'playtime_last_two_weeks': 0, 'last_played': 1551588470}",0,english,False,50053947,bruh,True,1554847602,1554847602,True,0,0,0,False
12,"{'steamid': '76561198860195172', 'num_games_owned': 8, 'num_reviews': 1, 'playtime_forever': 7610, 'playtime_last_two_weeks': 3509, 'last_played': 1554845607}",0,english,False,50053737,"Do you like turkish people? What about russians? Well nobody gives a fuck, you will encounter them in all your random queued games.

What about cheaters? Do you like cheats? Well nobody gives a fuck about this either, you have less than a 3% chance to NOT encounter a hacker in your next lobby. This is based off of calculations made by some intelligent individuals that started off by assuming there are at least 3.5% cheaters within the PUBG playerbase (pretty reasonable).

Oh, by the way this game is full of virgins that camp the entirety of their playtime. Your only option is to play safe and check every angle you're exposed to at any given point in time while more than 15 people are left. 

You will die by the hands of hackers, absolute cucklord campers, random idiots that kill you from the blue zone just to die 10 seconds later about 78.5% of the time. The remaning percentage goes to you actually being bad, somebody having really good aim/making very good tactical plays.

HAVE FUN! Also, friendly reminder that TPP players are real life losers.",True,1554846435,1554846715,True,1,0,0,False
13,"{'steamid': '76561198040713443', 'num_games_owned': 7, 'num_reviews': 1, 'playtime_forever': 24362, 'playtime_last_two_weeks': 410, 'last_played': 1554846413}",0,english,False,50053536,GOOD,True,1554845289,1554845289,True,0,0,0,False
14,"{'steamid': '76561198313421782', 'num_games_owned': 38, 'num_reviews': 2, 'playtime_forever': 2973, 'playtime_last_two_weeks': 122, 'last_played': 1554564157}",0,english,False,50052419,"THIS GAMES IS 15% KIDS 30% LOOTING SIMULATOR 40% TOO MANY FUC**** CHINESE PLAYER WHO USE CHEAT 10% FUN 5% FINISHED


â–’â–ˆâ–€â–€â–ˆ â–’â–ˆâ–€â–€â–€ â–’â–ˆâ–€â–€â–ˆ â–€â–ˆâ–€ â–’â–ˆâ–€â–€â–€â–ˆ â–’â–ˆâ–„â–‘â–’â–ˆ
â–’â–ˆâ–„â–„â–€ â–’â–ˆâ–€â–€â–€ â–’â–ˆâ–‘â–„â–„ â–’â–ˆâ–‘ â–’â–ˆâ–‘â–‘â–’â–ˆ â–’â–ˆâ–’â–ˆâ–’â–ˆ
â–’â–ˆâ–‘â–’â–ˆ â–’â–ˆâ–„â–„â–„ â–’â–ˆâ–„â–„â–ˆ â–„â–ˆâ–„ â–’â–ˆâ–„â–„â–„â–ˆ â–’â–ˆâ–‘â–‘â–€â–ˆ

â–’â–ˆâ–‘â–‘â–‘ â–’â–ˆâ–€â–€â–€â–ˆ â–’â–ˆâ–€â–€â–ˆ â–’â–ˆâ–‘â–„â–€
â–’â–ˆâ–‘â–‘â–‘ â–’â–ˆâ–‘â–‘â–’â–ˆ â–’â–ˆâ–‘â–‘â–‘ â–’â–ˆâ–€â–„â–‘
â–’â–ˆâ–„â–„â–ˆ â–’â–ˆâ–„â–„â–„â–ˆ â–’â–ˆâ–„â–„â–ˆ â–’â–ˆâ–‘â–’â–ˆ

â–’â–ˆâ–€â–€â–ˆ â–’â–ˆâ–‘â–’â–ˆ â–€â–ˆâ–€ â–’â–ˆâ–„â–‘â–’â–ˆ â–‘â–ˆâ–€â–€â–ˆ
â–’â–ˆâ–‘â–‘â–‘ â–’â–ˆâ–€â–€â–ˆ â–’â–ˆâ–‘ â–’â–ˆâ–’â–ˆâ–’â–ˆ â–’â–ˆâ–„â–„â–ˆ
â–’â–ˆâ–„â–„â–ˆ â–’â–ˆâ–‘â–’â–ˆ â–„â–ˆâ–„ â–’â–ˆâ–‘â–‘â–€â–ˆ â–’â–ˆâ–‘â–’â–ˆ",True,1554839588,1554842329,False,0,0,0.474683523178100586,False
15,"{'steamid': '76561198196932873', 'num_games_owned': 78, 'num_reviews': 2, 'playtime_forever': 2021, 'playtime_last_two_weeks': 19, 'last_played': 1554834681}",0,english,False,50051348,may be one of the worst games i have ever played im glad it died the worst servers of all time and awful map design ruined it from day one,True,1554834856,1554834856,False,0,1,0.47413790225982666,False
16,"{'steamid': '76561198159719998', 'num_games_owned': 10, 'num_reviews': 1, 'playtime_forever': 90690, 'playtime_last_two_weeks': 1549, 'last_played': 1554833721}",0,english,False,50051126,blue hole ass hole,True,1554833770,1554833770,False,0,1,0.525862038135528564,False
17,"{'steamid': '76561198064924061', 'num_games_owned': 80, 'num_reviews': 17, 'playtime_forever': 758, 'playtime_last_two_weeks': 758, 'last_played': 1554873082}",0,english,False,50050749,"It has an obnoxious price and a greedy microtransaction system. The game costs $40 like its a AAA title, yet has a store to begin with, which is bad enough, but you can also earn grates in game. You have to pay to unlock the crates though, so when it comes to gear in PUBG, You pay for it, earn it, then pay for it again. In a market saturated with battle royale games, Greed is the only thing that makes PUBG unique.",True,1554832119,1554832119,False,0,0,0,False
18,"{'steamid': '76561198347792233', 'num_games_owned': 31, 'num_reviews': 4, 'playtime_forever': 21959, 'playtime_last_two_weeks': 1107, 'last_played': 1554857649}",0,english,False,50050599,Somehow they were able to make this game worse then what it was a year ago.,True,1554831513,1554831566,False,0,0,0,False
19,"{'steamid': '76561198874900043', 'num_games_owned': 1, 'num_reviews': 1, 'playtime_forever': 5644, 'playtime_last_two_weeks': 2274, 'last_played': 1554843403}",0,english,False,50050511,good game,True,1554831109,1554831109,True,0,1,0.523809552192687988,False
20,"{'steamid': '76561198942636543', 'num_games_owned': 1, 'num_reviews': 1, 'playtime_forever': 3210, 'playtime_last_two_weeks': 3210, 'last_played': 1554845154}",0,english,False,50049874,"GG...good  game

#YOLO - you only live once",True,1554828635,1554828635,True,0,0,0,False
21,"{'steamid': '76561198349239215', 'num_games_owned': 54, 'num_reviews': 4, 'playtime_forever': 42738, 'playtime_last_two_weeks': 858, 'last_played': 1554840390}",0,english,False,50049773,"This game has got to good to worst Bluehole let this game gone to trash for all the greediness and laziness, you may think this game is fun and all but to be honest this game literally has got a lot of situation they need to fix.

NEGATIVE 

1. Hackers
2. Cheaters
3. Bugs
4. Errors
5. Unrealistic shooting accuracy, running speed, and jumping 
6. Content way to expensive $2.50 for a key this game ain't free they expected us to pay a lot see the greediness
7. Every update put small amount of items and waste a lot of space of GB

For your own saftey if you brought this game never wright any negative stuff in the discussion page because there a lot of people will always talk trash to you instead of talking about the game, you may see i play a lot of hours on this game it because whenever i'm bored i just play this game for others i've play for fun. The developers which is Bluehole never fixes the issues they only fix it when they put out the big updates never right away and yet this game is full of hackers, save your money for some other game that you like, i'm not ordering you to i'm giving you an advice if you don't believe me see other reviews there alot of negative reviews than posotive.

Winner Winner Chicken Dinner, i guess.

I'll give it a 5/10 Platinum",True,1554828295,1554870622,False,0,2,0,False
22,"{'steamid': '76561198440834484', 'num_games_owned': 3, 'num_reviews': 1, 'playtime_forever': 6908, 'playtime_last_two_weeks': 587, 'last_played': 1554750591}",0,english,False,50049414,not bad tbh,True,1554826641,1554826641,True,0,0,0,False
23,"{'steamid': '76561198423297842', 'num_games_owned': 1, 'num_reviews': 1, 'playtime_forever': 61345, 'playtime_last_two_weeks': 1898, 'last_played': 1554827984}",0,english,False,50048498,"I wish I could recommend this game as at its best it is the most addictive, immersive and engaging game i've played in years but the unfortunate truth is that the Devs are money grabbing trash who don't give a stuff about player experiences and instead farm out ridiculous skins and passes among other micro transaction garbage to fill their pockets before they inevitably kill the game. The servers are grim and the physics and movement mechanics still janky and frustrating. The most infuriating problem by a magnitude is hackers still being rife and are not dealt with in any meaningful way (probably because they are the main source of new accounts and therefore profitable) almost every game bar a scarce few are marred by cheaters (the overwhelming majority of which are chinese) which is pushing me to walking away from the game completely for the sake of my own sanity. Perhaps if the Devs actually give a damn about the playerbase and fix the issues that have plagued the game since the beginning instead of adding nonsense skins I will be able to change this review but I wont hold my breath.",True,1554822845,1554822845,False,0,1,0,False
24,"{'steamid': '76561198848633382', 'num_games_owned': 12, 'num_reviews': 1, 'playtime_forever': 5189, 'playtime_last_two_weeks': 1340, 'last_played': 1554827360}",0,english,False,50048166,Great game lots of changes,True,1554821502,1554821502,True,0,0,0,False
25,"{'steamid': '76561198102158917', 'num_games_owned': 15, 'num_reviews': 1, 'playtime_forever': 154, 'playtime_last_two_weeks': 154, 'last_played': 1554849728}",0,english,False,50047869,will not load,True,1554820293,1554820293,False,1,1,0,False
26,"{'steamid': '76561198240021526', 'num_games_owned': 36, 'num_reviews': 1, 'playtime_forever': 670, 'playtime_last_two_weeks': 16, 'last_played': 1554817962}",0,english,False,50047281,its ass full of sweaty try hards,True,1554817973,1554817973,False,0,1,0,False
27,"{'steamid': '76561198191764865', 'num_games_owned': 30, 'num_reviews': 4, 'playtime_forever': 4569, 'playtime_last_two_weeks': 0, 'last_played': 1547024269}",0,english,False,50047256,downright terrible.,True,1554817869,1554817869,False,1,1,0,False
28,"{'steamid': '76561198400012312', 'num_games_owned': 2, 'num_reviews': 1, 'playtime_forever': 12386, 'playtime_last_two_weeks': 2918, 'last_played': 1554831173}",0,english,True,50045874,"Best Game Ever
",True,1554812029,1554812029,True,0,0,0,False
29,"{'steamid': '76561198417706274', 'num_games_owned': 2, 'num_reviews': 2, 'playtime_forever': 158, 'playtime_last_two_weeks': 158, 'last_played': 1554869244}",0,english,False,50045531,nice :),True,1554810556,1554810556,True,0,0,0,False
30,"{'steamid': '76561198426291268', 'num_games_owned': 13, 'num_reviews': 1, 'playtime_forever': 11612, 'playtime_last_two_weeks': 2693, 'last_played': 1554841279}",0,english,False,50044239,amazing game,True,1554803968,1554803968,True,0,2,0.523809552192687988,False
31,"{'steamid': '76561198172618694', 'num_games_owned': 3, 'num_reviews': 2, 'playtime_forever': 43191, 'playtime_last_two_weeks': 28, 'last_played': 1554434158}",0,english,False,50042670,GG,True,1554794286,1554794286,True,0,1,0,False
32,"{'steamid': '76561198418913237', 'num_games_owned': 35, 'num_reviews': 1, 'playtime_forever': 6967, 'playtime_last_two_weeks': 462, 'last_played': 1554787861}",0,english,False,50041822,"This game is plagued with hackers and aim-bots. Save your money unless you like getting 3 shotted by a pistol, cross map, thru a door. 
",True,1554788036,1554788036,False,0,1,0.501058340072631836,False
33,"{'steamid': '76561198122178981', 'num_games_owned': 3, 'num_reviews': 1, 'playtime_forever': 1072, 'playtime_last_two_weeks': 197, 'last_played': 1554711844}",0,english,False,50041494,This Game is Nice. I recommend this game,True,1554786101,1554786101,True,0,1,0,False
34,"{'steamid': '76561198396303611', 'num_games_owned': 8, 'num_reviews': 2, 'playtime_forever': 493, 'playtime_last_two_weeks': 29, 'last_played': 1554856872}",0,english,False,50039952,Sometimes it's laggy but it's a good game if you have a good PC,True,1554775210,1554775210,True,0,1,0,False
35,"{'steamid': '76561198871738263', 'num_games_owned': 1, 'num_reviews': 1, 'playtime_forever': 854, 'playtime_last_two_weeks': 764, 'last_played': 1554844145}",0,english,False,50039502,vbbfbv,True,1554772438,1554772438,True,0,0,0,False
36,"{'steamid': '76561198448450650', 'num_games_owned': 5, 'num_reviews': 1, 'playtime_forever': 74634, 'playtime_last_two_weeks': 530, 'last_played': 1554781746}",0,english,False,50039404,"This game is really really good

",True,1554771797,1554771797,True,0,0,0,False
37,"{'steamid': '76561198881721273', 'num_games_owned': 1, 'num_reviews': 1, 'playtime_forever': 586, 'playtime_last_two_weeks': 586, 'last_played': 1554845712}",0,english,False,50039239,"wish
wish
wish
buy
launch
crash
again
crash
play
crash
I have gaming laptop why I cant play for 1 hour?
",True,1554770719,1554770719,False,0,0,0,False
38,"{'steamid': '76561198218123348', 'num_games_owned': 21, 'num_reviews': 1, 'playtime_forever': 5379, 'playtime_last_two_weeks': 101, 'last_played': 1554239450}",0,english,False,50039229,Fucking Shit...,True,1554770610,1554770610,False,0,0,0,False
39,"{'steamid': '76561198165374713', 'num_games_owned': 29, 'num_reviews': 1, 'playtime_forever': 30739, 'playtime_last_two_weeks': 1408, 'last_played': 1554612683}",0,english,False,50039064,Nothing creates tense moments like PUBG,True,1554769317,1554769317,True,0,1,0,False
40,"{'steamid': '76561198838324419', 'num_games_owned': 6, 'num_reviews': 6, 'playtime_forever': 654, 'playtime_last_two_weeks': 18, 'last_played': 1554761328}",0,english,True,50037956,Nice game !,True,1554762752,1554762752,True,0,0,0,False
41,"{'steamid': '76561198451890257', 'num_games_owned': 2, 'num_reviews': 1, 'playtime_forever': 10197, 'playtime_last_two_weeks': 0, 'last_played': 1553439146}",0,english,False,50037839,best game,True,1554762044,1554762044,True,0,1,0.523809552192687988,False
42,"{'steamid': '76561198870183121', 'num_games_owned': 1, 'num_reviews': 1, 'playtime_forever': 30200, 'playtime_last_two_weeks': 1192, 'last_played': 1554602308}",0,english,False,50037555,Nice Game !,True,1554760270,1554760270,True,0,0,0,False
43,"{'steamid': '76561198858780879', 'num_games_owned': 3, 'num_reviews': 1, 'playtime_forever': 1282, 'playtime_last_two_weeks': 1033, 'last_played': 1554757258}",0,english,False,50036163,i love pubg,True,1554753236,1554753236,True,1,1,0.523809552192687988,False
44,"{'steamid': '76561198114246554', 'num_games_owned': 56, 'num_reviews': 4, 'playtime_forever': 12530, 'playtime_last_two_weeks': 109, 'last_played': 1554828124}",0,english,False,50035910,"I'd like to love this game, I really really really really really want to. I watch Shroud, Doc, and several other major names that play this game and they do some of the coolest stuff. Even when I watch Fitz screwing around in it, I wonder what I could do to have fun for myself, but I always come back to the same stuff every time whenever I get on;
Freezing on parachuting
Freezing when landing
Freezing when picking up a weapon
Lag when shooting

and the list goes on.

If this was like two years ago, before I bought my gaming PC and upgraded my internet, then I'd be totally understanding, but see two years ago, I didn't complain and my internet and PC were shit at the time and it was a fantastic game.

Honestly, I don't understand what the honest fuck is hell is going on. I love FPS games, but this company is turning this game into a joke.

Call my statement a heavy accusation or whatever, but it's the truth. There are thousands of fans who are less and less loyal because you play favoritism to certain people, regions, or whatever and it's pissing a lot of us off.",True,1554752269,1554752269,False,0,0,0.47826087474822998,False
45,"{'steamid': '76561198247323260', 'num_games_owned': 84, 'num_reviews': 24, 'playtime_forever': 1245, 'playtime_last_two_weeks': 0, 'last_played': 1546289728}",0,english,False,50035741,"Love the combat (Somewhat, recoil and other stuff could be better) But its good to play sometimes.",True,1554751430,1554751430,True,0,0,0,False
46,"{'steamid': '76561198273324311', 'num_games_owned': 1, 'num_reviews': 1, 'playtime_forever': 53, 'playtime_last_two_weeks': 53, 'last_played': 1554745268}",0,english,False,50034306,Useless Game Very Laggy And Crap..,True,1554745578,1554745578,False,0,0,0,False
47,"{'steamid': '76561198442820575', 'num_games_owned': 1, 'num_reviews': 1, 'playtime_forever': 43, 'playtime_last_two_weeks': 43, 'last_played': 1554766970}",0,english,False,50034153,"I can't play pubg. After install, when i click play button, it says ""Cannot find MSVCP140.dll. Please, re-install this application."" After i re-install, it happens again. Please what can i do ?",True,1554744900,1554744900,True,0,0,0,False
48,"{'steamid': '76561198078549063', 'num_games_owned': 35, 'num_reviews': 13, 'playtime_forever': 15380, 'playtime_last_two_weeks': 577, 'last_played': 1554831000}",0,english,False,50034106,"don't buy, shitter each day.",True,1554744677,1554744677,False,0,0,0,False
49,"{'steamid': '76561198098669902', 'num_games_owned': 48, 'num_reviews': 1, 'playtime_forever': 1877, 'playtime_last_two_weeks': 79, 'last_played': 1554783620}",0,english,False,50033797,"BEST GAME WHERE YOU LAND , RUN , LOOT AND FINALLY WIN EZPZ LEMON SQUIZY

10/11 WOULD RECOMMEND THIS GAME",True,1554743281,1554743356,True,0,0,0,False
50,"{'steamid': '76561198277431869', 'num_games_owned': 107, 'num_reviews': 3, 'playtime_forever': 39305, 'playtime_last_two_weeks': 0, 'last_played': 1549316666}",0,english,False,50033761,This game used to be good at it early stages but now... It has gone way too far,True,1554743142,1554743142,False,0,0,0,False
51,"{'steamid': '76561198886516805', 'num_games_owned': 8, 'num_reviews': 1, 'playtime_forever': 82, 'playtime_last_two_weeks': 82, 'last_played': 1553758533}",0,english,False,50033025,"Game a little rough around the edges, not very fun imo.",True,1554740172,1554740172,False,0,0,0,False
52,"{'steamid': '76561198880262900', 'num_games_owned': 18, 'num_reviews': 1, 'playtime_forever': 183, 'playtime_last_two_weeks': 58, 'last_played': 1554049041}",0,english,False,50032961,Gooooooooooooos,True,1554739886,1554739886,True,0,0,0,False
53,"{'steamid': '76561198344601412', 'num_games_owned': 35, 'num_reviews': 2, 'playtime_forever': 52568, 'playtime_last_two_weeks': 128, 'last_played': 1554745866}",0,english,False,50031355,Ver Gud,True,1554734011,1554734011,True,0,0,0,False
54,"{'steamid': '76561198287383221', 'num_games_owned': 2, 'num_reviews': 1, 'playtime_forever': 157, 'playtime_last_two_weeks': 157, 'last_played': 1554831949}",0,english,False,50030999,I purchase a game but its not working smoothly.  Plzz fix it,True,1554732634,1554732634,False,0,1,0,False
55,"{'steamid': '76561198059502747', 'num_games_owned': 56, 'num_reviews': 4, 'playtime_forever': 4111, 'playtime_last_two_weeks': 580, 'last_played': 1554731397}",0,english,False,50030805,"This game is perfect for people who like to sit 10 min in corners and camping their a**es off.
Too slow paced game style and  overall a bad clunky movement mechanic.
10 of 10 camper like this game.",True,1554731852,1554731852,False,0,3,0.533898293972015381,False
56,"{'steamid': '76561198413672440', 'num_games_owned': 3, 'num_reviews': 1, 'playtime_forever': 6391, 'playtime_last_two_weeks': 0, 'last_played': 1551116379}",0,english,False,50029987,hasu lol,True,1554728574,1554728574,True,0,0,0,False
57,"{'steamid': '76561198046563103', 'num_games_owned': 5, 'num_reviews': 1, 'playtime_forever': 290567, 'playtime_last_two_weeks': 5616, 'last_played': 1554819891}",0,english,False,50029711,Great game completely ruined by chinese playerbase and poor developer decisions.,True,1554727199,1554727199,False,0,1,0,False
58,"{'steamid': '76561198928579945', 'num_games_owned': 1, 'num_reviews': 1, 'playtime_forever': 1016, 'playtime_last_two_weeks': 127, 'last_played': 1554635510}",0,english,False,50029480,It so suckkkkkkkkk,True,1554726086,1554726086,False,0,2,0,False
59,"{'steamid': '76561198118451563', 'num_games_owned': 4, 'num_reviews': 2, 'playtime_forever': 2650, 'playtime_last_two_weeks': 0, 'last_played': 1553222139}",0,english,False,50028789,It was fun for about 30 hours of gameplay but now it gets a bit boring,True,1554722717,1554722717,False,0,1,0,False
60,"{'steamid': '76561198153631657', 'num_games_owned': 233, 'num_reviews': 25, 'playtime_forever': 5589, 'playtime_last_two_weeks': 0, 'last_played': 1547336116}",0,english,False,50028722,"Game has huge maps and if you consider yourself ""not good at the game"" you should drop into places that usually nobody does so you can get gears and weapons without fighting. With this way it takes like 30 minutes of looting and running untill someone somehow one shots you with their sniper. Then you repeat the same sh*t ever and ever again. If you think this is entertaining go on and buy it you will love this game. Otherwise if you are good at this kind of games you need a high-end pc. Just drop into places where most of the newbies drop and loot everything it will last less and you will enjoy it.

TL;DR i am ""not good at the game"" and can't enjoy the game with 1050ti usually they are killing me before i even see them so i could get my money back if i could.

Devs are like ""Hey i made a game and its popular just buy it for only $40! Oh you want some cool stuff and skins? You can buy keys for $2.50 and try your luck!"". Meh, money diggers...

Also there are too many hackers in game currently so, choice is yours...
",True,1554722374,1554722374,False,0,1,0,False
61,"{'steamid': '76561198918808355', 'num_games_owned': 1, 'num_reviews': 1, 'playtime_forever': 7904, 'playtime_last_two_weeks': 1937, 'last_played': 1554813022}",0,english,False,50028679,"First of all, I like playing this game very much. However, when I was prompted with something wrong, I couldn't get into the game any more. After uninstalling and reinstalling the game, I was told that I was banned after playing the second one. At the same time, I also hope that the blue hole company can give me clean hands and open my account. The game experiencs is personal.",True,1554722106,1554722106,True,0,0,0,False
62,"{'steamid': '76561198050675696', 'num_games_owned': 39, 'num_reviews': 2, 'playtime_forever': 77384, 'playtime_last_two_weeks': 919, 'last_played': 1554872979}",0,english,False,50028388,"I use to love this game but at this point, I feel like you guys need to completely revamp it. There are tons of cheaters and too many bugs that haven't been addressed (shot registry, d-sync, etc). These are all issues that should have been fixed in early access. Instead of hosting tournaments and selling in-game loot, maybe fix these issues first so that people who actually love the game and want to continue playing it regularly, can actually do it and enjoy it.",True,1554720569,1554720569,False,0,1,0,False
63,"{'steamid': '76561198033627309', 'num_games_owned': 59, 'num_reviews': 2, 'playtime_forever': 14503, 'playtime_last_two_weeks': 860, 'last_played': 1554831106}",0,english,False,50027755,Full of hackers,True,1554717269,1554717269,False,1,0,0,False
64,"{'steamid': '76561198256781014', 'num_games_owned': 50, 'num_reviews': 1, 'playtime_forever': 4952, 'playtime_last_two_weeks': 0, 'last_played': 1551107681}",0,english,False,50027002,It has frying pans. Which i like.,True,1554712936,1554712936,True,0,0,0,False
65,"{'steamid': '76561198307273057', 'num_games_owned': 2, 'num_reviews': 1, 'playtime_forever': 18488, 'playtime_last_two_weeks': 987, 'last_played': 1554807364}",0,english,False,50026892,good game,True,1554712259,1554712259,True,0,1,0.523809552192687988,False
66,"{'steamid': '76561198142061704', 'num_games_owned': 4, 'num_reviews': 1, 'playtime_forever': 18104, 'playtime_last_two_weeks': 730, 'last_played': 1554835123}",0,english,False,50026844,Good game but fix ping issues and de sync,True,1554711933,1554711933,True,0,0,0,False
67,"{'steamid': '76561198946102064', 'num_games_owned': 2, 'num_reviews': 1, 'playtime_forever': 2591, 'playtime_last_two_weeks': 2591, 'last_played': 1554795077}",0,english,False,50026400,full of hackers every where,True,1554709260,1554709260,False,0,1,0.5,False
68,"{'steamid': '76561198361439945', 'num_games_owned': 5, 'num_reviews': 3, 'playtime_forever': 61460, 'playtime_last_two_weeks': 6751, 'last_played': 1554815791}",0,english,False,50026350,Bitch.,True,1554708852,1554708852,True,0,0,0,False
69,"{'steamid': '76561198002065533', 'num_games_owned': 611, 'num_reviews': 1, 'playtime_forever': 5266, 'playtime_last_two_weeks': 841, 'last_played': 1554872388}",0,english,False,50025471,"I used to enjoy this game until the last 30 matches I played ended with a chinese hacker killing me with his aimbot. This game costs money in a world where most of its competitors are free and are mostly free of hackers, and they wonder where their damned playerbase went.",True,1554703009,1554703009,False,0,2,0.545454561710357666,False
70,"{'steamid': '76561198260682850', 'num_games_owned': 8, 'num_reviews': 1, 'playtime_forever': 274, 'playtime_last_two_weeks': 148, 'last_played': 1554856315}",0,english,False,50023959,love the smoothness of the game in comparison to console gaming new to the pc world,True,1554692912,1554692912,True,0,0,0,False
71,"{'steamid': '76561198028143942', 'num_games_owned': 106, 'num_reviews': 3, 'playtime_forever': 97371, 'playtime_last_two_weeks': 3644, 'last_played': 1554859264}",0,english,False,50023436,Been out for years and they can't figure out how to give you 4 people in a fucking squad.,True,1554689764,1554689764,False,0,0,0,False
72,"{'steamid': '76561198277420527', 'num_games_owned': 22, 'num_reviews': 2, 'playtime_forever': 3316, 'playtime_last_two_weeks': 100, 'last_played': 1554863905}",0,english,False,50023367,bad lmoa,True,1554689335,1554689335,True,0,0,0.476190477609634399,False
73,"{'steamid': '76561198839616714', 'num_games_owned': 10, 'num_reviews': 2, 'playtime_forever': 15031, 'playtime_last_two_weeks': 4711, 'last_played': 1554859382}",0,english,False,50022256,"I know this game gets a ton of hate for being a cash grab, but since I first played it, I was hooked. It is by far the most replayable game I have every owned. The only game that I got even close to playing as much was Battlefield 1, but even then, I played PUBG far more. I originally owned the game on an Xbox One X, but it was an absolute mess playing it on that. The game was locked at 30 fps and crashed constantly because it would overheat my Xbox. Also, you can imagine how difficult playing a game like PUBG is on a controller with no aim assist. Still, I had a ton of fun playing it on the Xbox and put around 150 hours into it on that. Playing on PC has been spectacular though. Playing it in 1440p at around 110 fps is a night and day difference to the Xbox. The visuals might not match some other AAA titles, but they are close. It is good to see that Bluehole is still refining the game by adding new weapons and switching up weapons like the M16, UMP, and Vector while adding the MP5K. 

10/10",True,1554682507,1554682507,True,0,1,0.523809552192687988,False
74,"{'steamid': '76561197980137167', 'num_games_owned': 344, 'num_reviews': 8, 'playtime_forever': 112, 'playtime_last_two_weeks': 0, 'last_played': 1545975594}",0,english,False,50021716,"I can't believe this game won game of the year. I played three matches and that was enough for a lifetime. This game was the first battle royal game, but it certainly isn't the best.",True,1554679314,1554679552,False,0,5,0.555002331733703613,False
75,"{'steamid': '76561198374096811', 'num_games_owned': 16, 'num_reviews': 3, 'playtime_forever': 48, 'playtime_last_two_weeks': 20, 'last_played': 1554672760}",1,english,False,50021673,Great game! Very fun!,True,1554679113,1554679113,True,0,0,0,False
76,"{'steamid': '76561198065539737', 'num_games_owned': 34, 'num_reviews': 1, 'playtime_forever': 81984, 'playtime_last_two_weeks': 531, 'last_played': 1554720322}",0,english,False,50021440,"SA player. I've met the below (recommended) HW specs

RECOMMENDED:
Requires a 64-bit processor and operating system --> Done
OS: 64-bit Windows 7, Windows 8.1, Windows 10 --> Done 
Processor: Intel Core i5-6600K / AMD Ryzen 5 1600 --> Done (AMD Ryzen 5 1600X)
Memory: 16 GB RAM --> Done ()
Graphics: NVIDIA GeForce GTX 1060 3GB / AMD Radeon RX 580 4GB --> Done (NVIDIA GeForce GTX 1080 Ti)
DirectX: Version 11 --> Done
Network: Broadband Internet connection --> Done (60 Mbps link)
Storage: 30 GB available space --> Done (Dedicated Samsung SSD 500 Gb // Operating System --> Sandisk SSD 500 Gb)

What else have I done?
1. Modified all video settings to the lowest (Keeping ONLY resolution to 1920*1080).
2. Created Windows Defender exclusions for SteamApps folder.
3. Created performance counters to check GPU spikes
4. Created performance counters to check CPU spikes
5. Modified the page file accordingly.
6. Tried with customized options on the launcher (Use all available CPUs and stuff)

Vikendi is impossible to play, not because people doesn't look for it, but because of an unbearable poor performance. I can't get 60 fps with the above.
You can have a game in which you get 60 ms latency, but next one will be over 150 ms until you close and re-open it (and it doesn't work every time). This is the only game in which I experience such a thing. Even in games with up to 50 ms latency, desync plays its own game.
Launching PUBG takes OVER 50 SECONDS now (It used to take 10'').
Can never play solo/duo in SA servers.
Sound ""bugs"" are now terrible.

At this stage when I play, I noticed I spend more time complaining about it than having a good time. The only reason why it's still installed is I keep hoping it will get better, however, when maintenance activities happen and you get a ""Fixed a bug when dropping 2 bandages showing as 1 on the stairs of a house with a wooden fence in Mylta when playing FPP and weather is sunset"", I honestly WILL NOT recommend to pay for it.",True,1554677874,1554677906,False,0,0,0,False
77,"{'steamid': '76561198062344883', 'num_games_owned': 26, 'num_reviews': 5, 'playtime_forever': 2000, 'playtime_last_two_weeks': 1331, 'last_played': 1554673028}",0,english,False,50020410,Have played 6 games today. All 6 games I watched my death cam to see all 6 people who killed my auto lock onto me and killshot me. One even did it completely through brush which I was not visible. 0/10 don't waste your money to get killed by someone who hacks. I don't even know why they have that spyware battle eye included if it doesn't do shit. Don't buy unless you like getting owned  by hackers every game.,True,1554673209,1554673209,False,1,0,0.491803258657455444,False
78,"{'steamid': '76561198332174293', 'num_games_owned': 86, 'num_reviews': 6, 'playtime_forever': 34, 'playtime_last_two_weeks': 0, 'last_played': 1530232015}",0,english,False,50020246,"I don't even have this game, but before I refunded it, it was pretty rad.",True,1554672519,1554672519,True,0,0,0.491071432828903198,False
79,"{'steamid': '76561198117647261', 'num_games_owned': 73, 'num_reviews': 2, 'playtime_forever': 6719, 'playtime_last_two_weeks': 0, 'last_played': 1541461534}",0,english,False,50019791,i want back money,True,1554670654,1554670654,False,0,0,0,False
80,"{'steamid': '76561198205959587', 'num_games_owned': 72, 'num_reviews': 1, 'playtime_forever': 26325, 'playtime_last_two_weeks': 2614, 'last_played': 1554842916}",0,english,False,50019156,ive won 500 bucks <3,True,1554668007,1554668007,True,0,1,0.523809552192687988,False
81,"{'steamid': '76561198839279293', 'num_games_owned': 1, 'num_reviews': 1, 'playtime_forever': 259, 'playtime_last_two_weeks': 259, 'last_played': 1554805890}",0,english,False,50018257,"I am noob.
Recently installed it on pc.
So,Can't tell much about this.But yes noticed some bugs already.

Now , I try to learn the recoil control and searching for Indian players.",True,1554664430,1554664430,True,0,0,0,False
82,"{'steamid': '76561198913658080', 'num_games_owned': 4, 'num_reviews': 4, 'playtime_forever': 96, 'playtime_last_two_weeks': 95, 'last_played': 1554649773}",0,english,False,50015390,cheat,True,1554654228,1554654238,True,0,0,0,False
83,"{'steamid': '76561198818655845', 'num_games_owned': 1, 'num_reviews': 1, 'playtime_forever': 50104, 'playtime_last_two_weeks': 3, 'last_played': 1554651195}",0,english,False,50015072,å¸å·æ¯”è¾ƒå®¹æ˜“è¢«ç›—ï¼Œè¢«ç›—æ—¶å¹¶ä¸ç»™ä½ çš„é‚®ç®±å‘éªŒè¯ç ï¼Œæ˜¾ç¤ºçš„æ˜¯ä¸“ä¸šæ•‘æ´é“¾æ¥å“ï¼700å¤šä¸ªå°æ—¶æ¸¸æˆè¿˜è¡Œï¼ŒæŒ‚å¤šã€‚,True,1554653192,1554653192,False,0,0,0,False
84,"{'steamid': '76561198246059140', 'num_games_owned': 5, 'num_reviews': 1, 'playtime_forever': 6436, 'playtime_last_two_weeks': 97, 'last_played': 1554580655}",0,english,True,50015003,aae,True,1554652977,1554652977,True,0,0,0,False
85,"{'steamid': '76561198131791015', 'num_games_owned': 259, 'num_reviews': 13, 'playtime_forever': 16331, 'playtime_last_two_weeks': 0, 'last_played': 1553444430}",0,english,False,50014674,Haven't played the game in a while...reinstalled the game...played 1 match...died from someone one shotting me with an M4 from across the map....uninstalled the game,True,1554651973,1554651973,False,2,1,0.47413790225982666,False
86,"{'steamid': '76561198408603581', 'num_games_owned': 1, 'num_reviews': 1, 'playtime_forever': 389, 'playtime_last_two_weeks': 6, 'last_played': 1554537216}",0,english,False,50014645,GoodğŸ‘,True,1554651881,1554651881,True,0,0,0,False
87,"{'steamid': '76561197991895206', 'num_games_owned': 165, 'num_reviews': 7, 'playtime_forever': 9281, 'playtime_last_two_weeks': 0, 'last_played': 1549343824}",0,english,False,50014327,"I've sunk more than enough hours into this game, watching it go from early access when you couldn't vault, to this.
This game is still broken, still full of cheaters and is on it's last legs. There isn't enough quality content to keep this going. 

Buy it if you really want to, but don't expect great things and definitely expect to get killed by a chinese hacker out of view.",True,1554650772,1554650772,False,0,1,0,False
88,"{'steamid': '76561198206111060', 'num_games_owned': 16, 'num_reviews': 1, 'playtime_forever': 1544, 'playtime_last_two_weeks': 0, 'last_played': 1516684914}",0,english,False,50014305,APEX>FORTNITE>EVERY OTHER BR> puBUG G,True,1554650685,1554650685,False,0,0,0,False
89,"{'steamid': '76561198097951693', 'num_games_owned': 61, 'num_reviews': 1, 'playtime_forever': 34285, 'playtime_last_two_weeks': 0, 'last_played': 1550170953}",0,english,False,50012428,"As someone who has 500+ hours on the game, I can say its not a bad buy. compared to all the new halo jumping, shield drinking, base building BR's this is hands down a classic. Just land, loot, shoot and win. 
",True,1554644623,1554644623,True,0,2,0.526752173900604248,False
90,"{'steamid': '76561198045687797', 'num_games_owned': 44, 'num_reviews': 2, 'playtime_forever': 627, 'playtime_last_two_weeks': 116, 'last_played': 1554834120}",0,english,False,50010857,"Spent 30 euros on a game and I Can't even play it .. it goes straight to alt tab after i  open the game .. i did try everything i  found on internet .. and still i can't play it ..
I would not recomand it to anybody .. get emulator and play  the mobile version ..
f*ck this game .... at least fix it",True,1554639110,1554639110,False,0,1,0,False
91,"{'steamid': '76561198796324077', 'num_games_owned': 11, 'num_reviews': 5, 'playtime_forever': 86837, 'playtime_last_two_weeks': 353, 'last_played': 1554184616}",0,english,False,50010588,i think this is a good game but until now pubg hasnt update anything special yet,True,1554638122,1554638122,True,0,1,0,False
92,"{'steamid': '76561197963420378', 'num_games_owned': 62, 'num_reviews': 1, 'playtime_forever': 42628, 'playtime_last_two_weeks': 19, 'last_played': 1554634376}",0,english,False,50010430,trash,True,1554637502,1554637502,True,0,0,0,False
93,"{'steamid': '76561198849431130', 'num_games_owned': 1, 'num_reviews': 1, 'playtime_forever': 26776, 'playtime_last_two_weeks': 1501, 'last_played': 1554864731}",0,english,False,50009911,PLEASE FIX BUG PUBG ASAP!,True,1554635735,1554635735,True,0,0,0,False
94,"{'steamid': '76561197964435946', 'num_games_owned': 20, 'num_reviews': 1, 'playtime_forever': 23870, 'playtime_last_two_weeks': 2158, 'last_played': 1554650813}",0,english,False,50008548,"a game for cheaters.
Enemies know where you are, you never know enemies are where.
Enemies bullets are hit your head always.
And publisher never ban cheaters.",True,1554630467,1554630467,False,0,1,0,False
95,"{'steamid': '76561197991483519', 'num_games_owned': 253, 'num_reviews': 41, 'playtime_forever': 7094, 'playtime_last_two_weeks': 0, 'last_played': 1517554345}",0,english,False,50008160,Fire,True,1554629185,1554629185,True,0,0,0,False
96,"{'steamid': '76561198354300572', 'num_games_owned': 2, 'num_reviews': 1, 'playtime_forever': 371, 'playtime_last_two_weeks': 0, 'last_played': 1552742027}",0,english,False,50007985,extremely disappointed. i have been banned from pubg by developers. i don't understand why! my steam account was compromised and from that day i have been banned from pubg.,True,1554628554,1554628554,False,2,2,0.523809552192687988,False
97,"{'steamid': '76561198297370289', 'num_games_owned': 3, 'num_reviews': 1, 'playtime_forever': 19846, 'playtime_last_two_weeks': 999, 'last_played': 1554848560}",0,english,False,50007880,the makers of this game and people who maintain it should be ashamed of themselves. High school kids could fix more bugs and stop more hacking than this crew.,True,1554628195,1554628195,False,0,2,0,False
98,"{'steamid': '76561198838968606', 'num_games_owned': 18, 'num_reviews': 2, 'playtime_forever': 10790, 'playtime_last_two_weeks': 259, 'last_played': 1554800767}",0,english,False,50007467,æ¸¸æˆæ˜¯ä¸ªå¥½æ¸¸æˆï¼Œä½†æ˜¯èƒ½ä¸èƒ½åˆ«å‡ºé‚£ä¹ˆå¤šèŠ±é‡Œèƒ¡å“¨çš„çš®è‚¤ï¼Œç”¨å¿ƒä¿®å¤å¥½bugå’ŒåŠ å¼ºåå¤–æŒ‚æ¯”ä»€ä¹ˆéƒ½å¥½ç”¨ï¼Œå°¤å…¶æ˜¯å‡ºé‚£ä¹ˆå¤šä»»åŠ¡å¹²å˜›ï¼Œæœ‰æ„æ€å—ï¼Œå‡ºäº†ä¹Ÿå°±ç®—äº†ï¼Œè¿˜è¦èŠ±é’±ä¹°ï¼Œåˆ°åº•æ˜¯æ¸¸æˆç©æˆ‘è¿˜æ˜¯æˆ‘ç©æ¸¸æˆï¼Ÿ,True,1554626657,1554626657,True,0,0,0,False
99,"{'steamid': '76561198881979046', 'num_games_owned': 1, 'num_reviews': 1, 'playtime_forever': 2668, 'playtime_last_two_weeks': 547, 'last_played': 1554541920}",0,english,False,50007177,this game was fun an all until those tryhard no lifes and hackers invaded the game those people ruin the game for new people who just got the game like how does someone react so quickly then shoot me directly in the head how does that work even after reporting them the devs dont do anything they just suspend them for a few days,True,1554625549,1554625549,False,1,1,0.496062994003295898,False
